keyword,used,type
web design restaurant Los Angeles,yes,
web designer restaurant LA,,
restaurant website design Los Angeles,,
web design fast food restaurant,,
web design fine dining restaurant,,
web design casual dining,,
web design food truck,,
web design pizza restaurant,,
web design burger restaurant,,
web design sushi restaurant,,
web design Mexican restaurant,,
web design Italian restaurant,,
web design Thai restaurant,,
web design Chinese restaurant,,
web design Indian restaurant,,
web design Mediterranean restaurant,,
web design vegan restaurant,,
web design vegetarian restaurant,,
web design steakhouse,,
web design seafood restaurant,,
web design breakfast restaurant,,
web design brunch spot,,
web design diner,,
web design gastropub,,
web design sports bar,,
web design rooftop restaurant,,
web design restaurant bar,,
web design tapas restaurant,,
web design ramen restaurant,,
web design poke bowl restaurant,,
web design BBQ restaurant,,
web design soul food restaurant,,
web design Southern food restaurant,,
web design farm to table restaurant,,
web design food hall,,
web design ghost kitchen,,
web design cloud kitchen,,
web design catering company,,
web design catering business Los Angeles,,
web design meal prep company,,
web design meal delivery service,,
web design coffee shop,,
web design cafe Los Angeles,,
web design coffee roaster,,
web design boba tea shop,,
web design bubble tea shop,,
web design juice bar,,
web design smoothie bar,,
web design tea shop,,
web design wine bar,,
web design cocktail bar,,
web design speakeasy bar,,
web design brewery,,
web design craft brewery,,
web design winery,,
web design distillery,,
web design kombucha brand,,
web design energy drink brand,,
web design beverage company,,
web design bakery,,
web design bakery Los Angeles,,
web design pastry shop,,
web design dessert shop,,
web design cake shop,,
web design cupcake shop,,
web design donut shop,,
web design ice cream shop,,
web design gelato shop,,
web design yogurt shop,,
web design frozen yogurt shop,,
web design candy store,,
web design chocolate shop,,
web design cookie company,,
web design macaron shop,,
web design waffle shop,,
web design crepe shop,,
web design popcorn shop,,
web design food brand,,
web design specialty grocery,,
web design organic grocery,,
web design butcher shop,,
web design fish market,,
web design cheese shop,,
web design deli,,
web design sandwich shop,,
web design hot dog stand,,
web design taco shop,,
web design empanada shop,,
web design dumpling shop,,
web design hair salon,,
web design hair salon Los Angeles,,
web design barbershop,,
web design barbershop Los Angeles,,
web design barber Los Angeles,,
web design black barbershop LA,,
web design mens barbershop,,
web design beard grooming salon,,
web design blow dry bar,,
web design blowout salon,,
web design natural hair salon,,
web design locs salon,,
web design braiding salon,,
web design extensions salon,,
web design keratin salon,,
web design color salon,,
web design balayage salon,,
web design highlights salon,,
web design wig shop,,
web design hair extension brand,,
web design beauty salon,,
web design nail salon,,
web design nail studio,,
web design gel nail salon,,
web design acrylic nail salon,,
web design press on nail brand,,
web design lash studio,,
web design lash extension salon,,
web design lash lift salon,,
web design brow studio,,
web design brow bar,,
web design microblading studio,,
web design PMU artist,,
web design permanent makeup artist,,
web design esthetician,,
web design facial studio,,
web design waxing studio,,
web design threading salon,,
web design sugaring studio,,
web design spray tan studio,,
web design tanning salon,,
web design makeup artist,,
web design makeup artist Los Angeles,,
web design bridal makeup artist,,
web design airbrush makeup artist,,
web design gym,,
web design gym Los Angeles,,
web design fitness studio,,
web design personal trainer,,
web design personal trainer Los Angeles,,
web design CrossFit gym,,
web design boxing gym,,
web design MMA gym,,
web design martial arts studio,,
web design kickboxing studio,,
web design Muay Thai gym,,
web design wrestling gym,,
web design jiu jitsu studio,,
web design yoga studio,,
web design yoga studio Los Angeles,,
web design pilates studio,,
web design pilates Los Angeles,,
web design barre studio,,
web design spin studio,,
web design cycling studio,,
web design dance studio,,
web design dance studio Los Angeles,,
web design ballet studio,,
web design hip hop dance studio,,
web design salsa dance studio,,
web design ballroom dance studio,,
web design swim school,,
web design tennis club,,
web design golf club,,
web design climbing gym,,
web design rock climbing gym,,
web design meditation studio,,
web design breathwork studio,,
web design sound bath studio,,
web design float tank spa,,
web design infrared sauna studio,,
web design cryotherapy studio,,
web design red light therapy studio,,
web design physical therapy clinic,,
web design chiropractor,,
web design chiropractor Los Angeles,,
web design acupuncture clinic,,
web design acupuncturist Los Angeles,,
web design massage therapist,,
web design massage studio,,
web design sports massage therapist,,
web design stretch studio,,
web design health coach,,
web design nutrition coach,,
web design dietitian,,
web design life coach,,
web design wellness coach,,
web design holistic health practitioner,,
web design medical spa,,
web design med spa Los Angeles,,
web design plastic surgeon,,
web design plastic surgeon Los Angeles,,
web design cosmetic surgeon,,
web design dermatologist,,
web design dermatologist Los Angeles,,
web design skin clinic,,
web design botox clinic,,
web design filler clinic,,
web design aesthetics clinic,,
web design IV therapy clinic,,
web design hormone clinic,,
web design weight loss clinic,,
web design dental office,,
web design dentist Los Angeles,,
web design cosmetic dentist,,
web design orthodontist,,
web design oral surgeon,,
web design pediatric dentist,,
web design mental health therapist,,
web design therapist Los Angeles,,
web design psychologist,,
web design psychiatrist,,
web design counselor,,
web design telehealth company,,
web design urgent care clinic,,
web design pediatrician,,
web design OB GYN,,
web design fertility clinic,,
web design optometrist,,
web design eye doctor Los Angeles,,
web design hearing clinic,,
web design podiatrist,,
web design sports medicine doctor,,
web design clothing brand,,
web design clothing brand Los Angeles,,
web design streetwear brand,,
web design streetwear Los Angeles,,
web design fashion brand,,
web design fashion label,,
web design luxury fashion brand,,
web design sustainable fashion brand,,
web design activewear brand,,
web design athleisure brand,,
web design swimwear brand,,
web design lingerie brand,,
web design underwear brand,,
web design socks brand,,
web design hat brand,,
web design cap brand,,
web design sneaker brand,,
web design shoe brand,,
web design boot brand,,
web design handbag brand,,
web design purse brand,,
web design accessories brand,,
web design jewelry brand,,
web design jewelry brand Los Angeles,,
web design fine jewelry brand,,
web design handmade jewelry brand,,
web design vintage clothing store,,
web design thrift store,,
web design resale shop,,
web design consignment shop,,
web design boutique clothing store,,
web design boutique Los Angeles,,
web design kids clothing brand,,
web design baby clothing brand,,
web design maternity clothing brand,,
web design plus size clothing brand,,
web design mens clothing brand,,
web design womens clothing brand,,
web design unisex clothing brand,,
web design custom clothing brand,,
web design print on demand brand,,
web design embroidery brand,,
web design custom t shirt company,,
web design uniform company,,
web design workwear brand,,
web design interior designer,,
web design interior designer Los Angeles,,
web design interior design studio,,
web design home stager,,
web design home staging company,,
web design furniture brand,,
web design furniture store,,
web design custom furniture maker,,
web design home decor brand,,
web design candle brand,,
web design candle company Los Angeles,,
web design home fragrance brand,,
web design diffuser brand,,
web design bedding brand,,
web design linen brand,,
web design rug company,,
web design wallpaper brand,,
web design art gallery,,
web design art gallery Los Angeles,,
web design artist portfolio,,
web design illustrator portfolio,,
web design photographer portfolio,,
web design photographer Los Angeles,,
web design wedding photographer,,
web design event photographer,,
web design portrait photographer,,
web design real estate photographer,,
web design product photographer,,
web design videographer,,
web design videographer Los Angeles,,
web design video production company,,
web design film production company,,
web design animation studio,,
web design motion graphics studio,,
web design car dealership,,
web design used car dealership,,
web design luxury car dealership,,
web design car detailing,,
web design car detailing Los Angeles,,
web design auto detailing shop,,
web design mobile car detailing,,
web design car wash,,
web design auto repair shop,,
web design mechanic shop,,
web design auto body shop,,
web design tire shop,,
web design oil change shop,,
web design tint shop,,
web design window tint shop,,
web design custom car shop,,
web design car wrapping company,,
web design vinyl wrap company,,
web design car audio shop,,
web design auto parts store,,
web design motorcycle shop,,
web design motorcycle dealer,,
web design electric vehicle company,,
web design EV charging company,,
web design real estate agent,,
web design real estate agent Los Angeles,,
web design real estate broker,,
web design property management company,,
web design property management Los Angeles,,
web design real estate developer,,
web design real estate investment company,,
web design luxury real estate agent,,
web design commercial real estate,,
web design residential real estate,,
web design Airbnb management company,,
web design short term rental company,,
web design vacation rental company,,
web design home inspector,,
web design mortgage broker,,
web design title company,,
web design escrow company,,
web design home builder,,
web design custom home builder Los Angeles,,
web design general contractor,,
web design contractor Los Angeles,,
web design roofing company,,
web design roofing contractor Los Angeles,,
web design plumber,,
web design plumber Los Angeles,,
web design electrician,,
web design electrician Los Angeles,,
web design HVAC company,,
web design HVAC Los Angeles,,
web design landscaping company,,
web design landscaping Los Angeles,,
web design lawn care company,,
web design pool company,,
web design pool cleaning service,,
web design cleaning company,,
web design house cleaning service Los Angeles,,
web design pressure washing company,,
web design pest control company,,
web design moving company,,
web design moving company Los Angeles,,
web design storage company,,
web design interior painting company,,
web design exterior painting company,,
web design event planner,,
web design event planner Los Angeles,,
web design wedding planner,,
web design wedding planner Los Angeles,,
web design wedding venue,,
web design wedding florist,,
web design wedding caterer,,
web design wedding DJ,,
web design wedding band,,
web design event venue,,
web design party venue,,
web design birthday party venue,,
web design corporate event planner,,
web design event rental company,,
web design photo booth company,,
web design balloon company,,
web design florist,,
web design florist Los Angeles,,
web design flower shop,,
web design DJ,,
web design DJ Los Angeles,,
web design live band,,
web design musician website,,
web design music producer,,
web design recording studio,,
web design podcast studio,,
web design nightclub,,
web design comedy club,,
web design escape room,,
web design axe throwing venue,,
web design go kart venue,,
web design bowling alley,,
web design entertainment venue,,
web design kids party venue,,
web design trampoline park,,
web design law firm,,
web design law firm Los Angeles,,
web design personal injury lawyer,,
web design immigration lawyer,,
web design family lawyer,,
web design criminal defense lawyer,,
web design business lawyer,,
web design employment lawyer,,
web design estate planning attorney,,
web design accountant,,
web design accounting firm Los Angeles,,
web design CPA Los Angeles,,
web design bookkeeper,,
web design financial advisor,,
web design financial planner,,
web design insurance agent,,
web design insurance broker,,
web design mortgage advisor,,
web design business consultant,,
web design marketing agency,,
web design PR agency,,
web design talent agency,,
web design modeling agency,,
web design staffing agency,,
web design recruiting firm,,
web design HR consulting firm,,
web design IT company,,
web design tech startup,,
web design SaaS company,,
web design app developer,,
web design software company,,
web design digital marketing company,,
web design pet store,,
web design pet grooming salon,,
web design dog groomer,,
web design dog groomer Los Angeles,,
web design mobile dog groomer,,
web design dog trainer,,
web design dog trainer Los Angeles,,
web design dog boarding,,
web design dog daycare,,
web design dog walking company,,
web design pet sitting service,,
web design veterinarian,,
web design vet clinic Los Angeles,,
web design exotic pet store,,
web design pet food brand,,
web design dog treat brand,,
web design pet accessories brand,,
web design tutoring company,,
web design tutoring service Los Angeles,,
web design private school,,
web design charter school,,
web design preschool,,
web design daycare,,
web design daycare Los Angeles,,
web design after school program,,
web design music school,,
web design art school,,
web design coding bootcamp,,
web design online course creator,,
web design e-learning company,,
web design educational app,,
web design kids activity center,,
web design sports camp,,
web design summer camp,,
web design hot sauce brand,,
web design salsa brand,,
web design seasoning brand,,
web design spice brand,,
web design olive oil brand,,
web design honey brand,,
web design jam brand,,
web design granola brand,,
web design protein bar brand,,
web design supplement brand,,
web design vitamin brand,,
web design CBD brand,,
web design wellness supplement brand,,
web design collagen brand,,
web design pre workout brand,,
web design protein powder brand,,
web design snack brand,,
web design chips brand,,
web design popcorn brand,,
web design nut butter brand,,
web design skincare brand,,
web design skincare brand Los Angeles,,
web design clean beauty brand,,
web design natural skincare brand,,
web design organic skincare brand,,
web design sunscreen brand,,
web design moisturizer brand,,
web design serum brand,,
web design face oil brand,,
web design body care brand,,
web design body lotion brand,,
web design body scrub brand,,
web design hair care brand,,
web design shampoo brand,,
web design conditioner brand,,
web design hair oil brand,,
web design makeup brand,,
web design cosmetics brand,,
web design lipstick brand,,
web design foundation brand,,
web design fragrance brand,,
web design perfume brand,,
web design cologne brand,,
how to get more customers with a website,,
why your small business needs a website in 2026,,
how much does a website cost for a small business,,
what makes a great restaurant website,,
how to choose a web designer for your business,,
web design tips for clothing brands,,
how to design a website for a food brand,,
what is mobile first web design,,
how long does it take to build a website,,
why your salon needs a professional website,,
how to get your business found on Google,,
what should a small business website include,,
how to make your website convert visitors into customers,,
web design vs website builder which is better,,
why Squarespace and Wix are hurting your business,,
how to design a website for a barbershop,,
best website features for a restaurant,,
how to build a website for a clothing brand,,
how to build an online store for a small business,,
what is UX design and why does it matter,,
how to design a website for a gym,,
web design tips for beauty brands,,
how to make your website mobile friendly,,
how to speed up your website,,
why your website is not getting traffic,,
how to design a landing page that converts,,
what is a good conversion rate for a website,,
how to design a website for a personal trainer,,
how to design a website for a yoga studio,,
how to design a website for a real estate agent,,
how to design a website for a law firm,,
how to design a website for a photographer,,
how to design a website for an artist,,
how to design a website for a DJ,,
how to design a website for a wedding planner,,
how to design a website for a contractor,,
how to design a website for a cleaning company,,
how to design a website for a car detailer,,
how to design a website for a pet groomer,,
how to design a website for a tutor,,
what pages does a business website need,,
how to write website copy that sells,,
how to choose the right colors for your website,,
what fonts should I use on my website,,
how to design a website for a startup,,
how to build a portfolio website,,
how to get clients from your website,,
how to design a website for a food truck,,
how to design a website for a catering company,,
how to design a website for a bakery,,
how to design a website for a coffee shop,,
how to design a website for a jewelry brand,,
how to design a website for a supplement brand,,
how to design a website for a skincare brand,,
why your med spa needs a better website,,
how to design a website for a dental office,,
how to design a website for a chiropractor,,
how to design a website for a therapist,,
how to design a website for a hair salon,,
how to design a website for a nail salon,,
how to design a website for a lash studio,,
how to design a website for a makeup artist,,
what is the difference between web design and web development,,
how to design a website for a clothing boutique,,
how to design a website for a vintage store,,
how to design a website for an event planner,,
how to design a website for a music producer,,
how to design a website for a recording studio,,
how to design a website for a gym trainer,,
how to design a website for a boxing gym,,
how to design a website for a pilates studio,,
how to design a website for a dance studio,,
how to design a website for a kids activity center,,
how to design a website for a daycare,,
how to design a website for a tutoring company,,
how to design a website for a dog groomer,,
how to design a website for a veterinarian,,
how to design a website for a moving company,,
how to design a website for a landscaping company,,
how to design a website for a roofing company,,
how to design a website for a plumber,,
how to design a website for a general contractor,,
how to rank higher on Google Maps,,
Google Business Profile optimization for small business,,
local SEO for small business,,
NAP consistency local SEO,,
local citations for small business,,
how to get more Google reviews,,
responding to negative Google reviews,,
Google Business Profile photo tips,,
local backlinks for small business,,
what are Google Maps ranking factors,,
local SEO checklist,,
how to show up in the map pack,,
why is credibility important for small business,,
why is branding important for small business,,
why is graphic design important for small business,,
why is web design important for small business,,
why is color important in branding,,
why is consistency important in branding,,
why is a logo important for small business,,
why is mobile design important,,
why is SEO important for small business,,
why is user experience important,,
why is a website important in 2026,,
why does first impression matter online,,
why do small businesses need branding,,
why is accessibility important in web design,,
why is page speed important for SEO,,
why is content important for SEO,,
why is trust important in ecommerce,,
why is typography important in design,,
why is white space important in design,,
affordable web design for small business,,
cheap vs affordable web design,,
website cost breakdown small business,,
how much does branding cost,,
how much does a logo cost,,
how much does ecommerce web design cost,,
DIY website builder vs hiring a designer,,
freelancer vs agency web design,,
Wix vs custom website design,,
Squarespace vs custom website design,,
hidden costs of website design,,
what's included in a website design package,,
small business website pricing packages,,
how much should I budget for a website,,
website design payment plans,,
is a custom website worth it,,
what makes a brand memorable,,
how to build brand trust online,,
brand consistency across platforms,,
website trust signals,,
how branding builds customer trust,,
first impressions website design,,
brand recognition small business,,
logo design for brand identity,,
color psychology in branding,,
how to choose brand colors,,
full service design agency vs multiple vendors,,
one point of contact design agency,,
website credibility checklist,,
how to make your website look more professional,,
signs of an outdated website,,
website redesign checklist,,
how to modernize your brand,,
restaurant website SEO,,
how to rank a restaurant on Google,,
restaurant Google Business Profile optimization,,
restaurant SEO mistakes,,
restaurant schema markup,,
menu schema markup,,
HTML menu vs PDF menu SEO,,
restaurant local SEO,,
restaurant NAP consistency,,
restaurant Google Maps ranking,,
restaurant review management,,
how AI recommends restaurants,,
ChatGPT restaurant recommendations,,
answer engine optimization restaurants,,
restaurant keyword research,,
restaurant backlinks,,
hospitality website SEO,,
hotel website SEO,,
restaurant blog content strategy,,
restaurant core web vitals,,
mobile first restaurant website,,
restaurant website navigation best practices,,
restaurant online ordering SEO,,
restaurant reservation system SEO,,
best restaurant website examples,,
restaurant photography for websites,,
restaurant menu design tips,,
how to rank on AI search,,
answer engine optimization,,
how ChatGPT recommends businesses,,
AI overviews SEO impact,,
structured data for AI search,,
FAQ schema for AI platforms,,
optimizing for Google AI mode,,
zero click search strategy,,
how to appear in AI search results,,
generative engine optimization,,
web design Santa Monica,,
web design Venice CA,,
web design Culver City,,
web design Beverly Hills,,
web design West LA,,
web design Downtown LA,,
web design Silicon Beach,,
website designer Marina del Rey,,
website designer Manhattan Beach,,
website designer Playa Vista,,
website designer Brentwood,,
website designer Pasadena,,
website designer Long Beach,,
web design for law firms,,
web design for real estate agents,,
web design for healthcare providers,,
web design for construction companies,,
web design for auto shops,,
web design for fitness studios,,
web design for salons and spas,,
web design for consultants,,
web design for nonprofits,,
web design for financial advisors,,
web design for architects,,
web design for photographers,,
2026 web design color trends,,
color trends for branding 2026,,
Pantone color of the year 2026,,
web design trends 2026,,
minimalist web design trends,,
what makes a website feel premium,,
best website designs to learn from,,
website design mistakes to avoid,,
glassmorphism web design,,
bold typography web design trend,,
website animation trends,,
Shopify vs custom website,,
best ecommerce platform for small business,,
how to build an online store,,
ecommerce website design cost,,
print on demand vs custom inventory,,
Stripe vs Shopify Payments,,
headless commerce for small business,,
website conversion rate optimization,,
how to write website copy that converts,,
landing page best practices,,
call to action button design,,
website ADA compliance small business,,
how to choose a web design agency,,
questions to ask a web designer before hiring,,
red flags when hiring a web designer,,
website maintenance plans,,
how often should you redesign your website,,
website launch checklist,,
how to migrate a website without losing SEO,,
website analytics for small business,,
how to track leads from your website,,
portfolio website design tips,,
one page website vs multi page website,,
from Figma to live website,,
how AI is changing web design,,
no-code vs custom code website,,
website security basics for small business,,
SSL certificate importance for SEO,,
brand style guide for small business,,
Instagram feed on website,,
website contact form best practices,,
email capture strategies for small business websites,,
website speed optimization tips,,
image compression for website speed,,
font pairing for web design,,
how to get more customers for my restaurant,,
restaurant marketing ideas 2026,,
how to increase foot traffic to a small business,,
social media strategy for small business,,
Instagram marketing for restaurants,,
TikTok marketing for small business,,
best time to post on Instagram for restaurants,,
content calendar for small business,,
how to build an email list for a small business,,
email marketing ideas for restaurants,,
how to get press for your small business,,
word of mouth marketing tips,,
how to build customer loyalty,,
customer retention strategies for small business,,
how to handle a bad online review,,
reputation management for small business,,
how to build a loyal customer base,,
influencer marketing for local business,,
how to run a promotion for your restaurant,,
how to compete with chain restaurants,,
how to stand out in a saturated market,,
signs your business needs a rebrand,,
small business owner mistakes to avoid,,
how to price your menu,,
restaurant staffing tips,,
how to open a restaurant checklist,,
restaurant business plan template,,
food business permits and licenses Los Angeles,,
how to start a clothing brand,,
how to start a jewelry brand,,
how to start a barbershop,,
how to open a hair salon,,
small business loans Los Angeles,,
small business insurance basics,,
best POS systems for restaurants,,
Toast vs Square for restaurants,,
best booking software for salons,,
best scheduling software for barbershops,,
online ordering systems for restaurants,,
delivery apps vs your own website ordering,,
how to reduce third party delivery fees,,
building a waitlist for your restaurant,,
how to get repeat customers,,
brand voice examples for small business,,
how to write a mission statement for your brand,,
naming a jewelry brand,,
naming a clothing brand,,
packaging design for small business,,
direct to consumer brand strategy,,
how to build a brand on Instagram from scratch,,
personal branding for business owners,,
how to network as a small business owner in LA,,
how to get your business featured on local blogs,,
local business collaboration ideas,,
how to photograph your menu for social media,,
product photography tips for small business,,
how to take better food photos on a phone,,
how to start an online boutique,,
side hustle to full time business tips,,
how to price handmade jewelry,,
customer service scripts for small business,,
how to get your first ten customers,,
small business grants Los Angeles,,
best business bank accounts for small business owners,,
how to build an Instagram following organically,,
how to turn Instagram followers into customers,,
best days to launch a new product,,
how to create a brand mood board,,
how to find your target customer,,
how to write a business bio for Instagram,,
web designer near me,,
best web design agency Los Angeles,,
top rated web designer Los Angeles,,
web design portfolio examples,,
custom website vs template website,,
website accessibility checklist,,
how to write a website about page,,
how to choose a domain name for your business,,
website hosting for small business,,
how to set up business email,,
website backup and security basics,,
how to add a blog to your website,,
internal linking SEO strategy,,
how to do a content audit,,
topical authority SEO explained,,
E-E-A-T SEO explained,,
how to build topical authority,,
keyword clustering for SEO,,
long tail keywords for small business,,
voice search optimization,,
how to optimize images for SEO,,
alt text best practices SEO,,
core web vitals explained,,
how to recover from a Google penalty,,
duplicate content SEO issues,,
canonical tags explained,,
XML sitemap best practices,,
robots.txt best practices,,
how to write a homepage hero section,,
sticky navigation best practices,,
dark mode website design,,